inst_id,strategy,mix,total_return_pct,sharpe_like,max_drawdown_pct,trades,fast,fast__sma_cross,high,high__rsi_reversion,leverage,leverage__breakout,leverage__roc_momentum,leverage__rsi_reversion,leverage__sma_cross,low,low__rsi_reversion,max_positions,max_positions__breakout,max_positions__roc_momentum,max_positions__rsi_reversion,max_positions__sma_cross,period,period__roc_momentum,slow,slow__sma_cross,stop_loss_pct,stop_loss_pct__breakout,stop_loss_pct__roc_momentum,stop_loss_pct__rsi_reversion,stop_loss_pct__sma_cross,take_profit_pct,take_profit_pct__breakout,take_profit_pct__roc_momentum,take_profit_pct__rsi_reversion,take_profit_pct__sma_cross,threshold,threshold__roc_momentum,window,window__breakout
,breakout,breakout+roc_momentum:AND,210.7503,3.7417,61.9668,22,,,,,10.0,,10.0,,,,,3,,3,,,,5,,,0.03,,0.03,,,0.25,,0.1,,,,0.3,20,
,rsi_reversion,,170.4919,-4.5359,68.8374,42,,,80,,10.0,,,,,30,,3,,,,,14,,,,0.03,,,,,0.2,,,,,,,,
,rsi_reversion,rsi_reversion+sma_cross:VOTE_2_OF_3,170.4919,-4.5359,68.8374,42,,10,80,,10.0,,,,10.0,30,,3,,,,3,14,,,80,0.03,,,,0.03,0.2,,,,0.1,,,,
,sma_cross,,144.2709,-2.4655,86.8012,92,10,,,,10.0,,,,,,,3,,,,,,,80,,0.03,,,,,0.1,,,,,,,,
,sma_cross,breakout+sma_cross:AND,67.5044,-3.8358,82.4846,38,10,,,,10.0,10.0,,,,,,3,3,,,,,,80,,0.03,0.03,,,,0.1,0.25,,,,,,,20
,rsi_reversion,,20.4632,0.7243,75.9748,77,,,80,,10.0,,,,,30,,5,,,,,14,,,,0.03,,,,,0.2,,,,,,,,
,rsi_reversion,breakout+roc_momentum+rsi_reversion:OR,17.2353,0.4054,87.9780,334,,,80,,10.0,10.0,10.0,,,30,,3,3,3,,,14,5,,,0.03,0.03,0.03,,,0.2,0.25,0.1,,,,0.3,,20
,rsi_reversion,roc_momentum+rsi_reversion:OR,7.7494,-0.6765,90.6578,334,,,80,,10.0,,10.0,,,30,,3,,3,,,14,5,,,0.03,,0.03,,,0.2,,0.1,,,,0.3,,
,rsi_reversion,breakout+roc_momentum+rsi_reversion+sma_cross:AND,0.0000,0.0000,0.0000,0,,10,80,80,10.0,10.0,10.0,10.0,10.0,30,30,3,3,3,3,3,14,5,,80,0.03,0.03,0.03,0.03,0.03,0.2,0.25,0.1,0.2,0.1,,0.3,,20
,breakout,,-10.5731,1.6645,94.9145,107,,,,,10.0,,,,,,,3,,,,,,,,,0.03,,,,,0.25,,,,,,,20,
,breakout,breakout+roc_momentum:VOTE_2_OF_3,-10.5731,1.6645,94.9145,107,,,,,10.0,,10.0,,,,,3,,3,,,,5,,,0.03,,0.03,,,0.25,,0.1,,,,0.3,20,
,rsi_reversion,roc_momentum+rsi_reversion+sma_cross:AND,-17.3675,0.0000,21.6054,1,,10,80,,10.0,,10.0,,10.0,30,,3,,3,,3,14,5,,80,0.03,,0.03,,0.03,0.2,,0.1,,0.1,,0.3,,
,roc_momentum,,-19.1817,-0.1964,85.9301,369,,,,,10.0,,,,,,,3,,,,,5,,,,0.03,,,,,0.1,,,,,0.3,,,
,sma_cross,roc_momentum+sma_cross:VOTE_2_OF_3,-19.1817,-0.1964,85.9301,369,10,,,,10.0,,10.0,,,,,3,,3,,,,5,80,,0.03,,0.03,,,0.1,,0.1,,,,0.3,,
,sma_cross,breakout+roc_momentum+sma_cross:AND,-19.3019,-2.3129,50.6533,19,10,,,,10.0,10.0,10.0,,,,,3,3,3,,,,5,80,,0.03,0.03,0.03,,,0.1,0.25,0.1,,,,0.3,,20
,rsi_reversion,breakout+roc_momentum+rsi_reversion:AND,-21.1565,0.0000,60.9613,7,,,80,,10.0,10.0,10.0,,,30,,3,3,3,,,14,5,,,0.03,0.03,0.03,,,0.2,0.25,0.1,,,,0.3,,20
,sma_cross,,-33.8518,1.0212,86.6264,155,10,,,,10.0,,,,,,,5,,,,,,,80,,0.03,,,,,0.1,,,,,,,,
,sma_cross,,-35.4120,-1.6375,83.4960,118,20,,,,10.0,,,,,,,3,,,,,,,30,,0.03,,,,,0.2,,,,,,,,
,rsi_reversion,roc_momentum+rsi_reversion+sma_cross:OR,-35.4518,0.3189,90.3138,350,,10,80,,10.0,,10.0,,10.0,30,,3,,3,,3,14,5,,80,0.03,,0.03,,0.03,0.2,,0.1,,0.1,,0.3,,
,rsi_reversion,rsi_reversion+sma_cross:OR,-36.2028,-2.3052,95.1343,90,,10,80,,10.0,,,,10.0,30,,3,,,,3,14,,,80,0.03,,,,0.03,0.2,,,,0.1,,,,
,rsi_reversion,breakout+rsi_reversion+sma_cross:AND,-41.2603,0.0000,43.9914,1,,10,80,,10.0,10.0,,,10.0,30,,3,3,,,3,14,,,80,0.03,0.03,,,0.03,0.2,0.25,,,0.1,,,,20
,sma_cross,,-51.0870,1.1063,87.9361,126,10,,,,10.0,,,,,,,3,,,,,,,30,,0.03,,,,,0.2,,,,,,,,
,sma_cross,,-53.1326,-1.0695,76.8493,196,20,,,,10.0,,,,,,,5,,,,,,,30,,0.03,,,,,0.2,,,,,,,,
,sma_cross,,-57.5273,0.1236,90.4878,118,20,,,,20.0,,,,,,,5,,,,,,,50,,0.03,,,,,0.2,,,,,,,,
,breakout,breakout+roc_momentum:OR,-58.2071,0.4817,87.9360,345,,,,,10.0,,10.0,,,,,3,,3,,,,5,,,0.03,,0.03,,,0.25,,0.1,,,,0.3,20,
,rsi_reversion,roc_momentum+rsi_reversion:AND,-58.5745,0.0000,86.0828,23,,,80,,10.0,,10.0,,,30,,3,,3,,,14,5,,,0.03,,0.03,,,0.2,,0.1,,,,0.3,,
,rsi_reversion,breakout+roc_momentum+rsi_reversion+sma_cross:VOTE_2_OF_3,-59.6156,3.0075,82.5480,42,,10,80,80,10.0,10.0,10.0,10.0,10.0,30,30,3,3,3,3,3,14,5,,80,0.03,0.03,0.03,0.03,0.03,0.2,0.25,0.1,0.2,0.1,,0.3,,20
,rsi_reversion,breakout+rsi_reversion+sma_cross:VOTE_2_OF_3,-61.7873,0.3262,98.2994,34,,10,80,,10.0,10.0,,,10.0,30,,3,3,,,3,14,,,80,0.03,0.03,,,0.03,0.2,0.25,,,0.1,,,,20
,rsi_reversion,breakout+roc_momentum+rsi_reversion:VOTE_2_OF_3,-72.4173,3.8535,84.4593,37,,,80,,10.0,10.0,10.0,,,30,,3,3,3,,,14,5,,,0.03,0.03,0.03,,,0.2,0.25,0.1,,,,0.3,,20
,breakout,,-72.9105,-0.0913,93.4983,651,,,,,10.0,,,,,,,5,,,,,,,,,0.03,,,,,0.25,,,,,,,5,
,sma_cross,breakout+roc_momentum+sma_cross:VOTE_2_OF_3,-73.7410,-1.8840,84.8170,50,10,,,,10.0,10.0,10.0,,,,,3,3,3,,,,5,80,,0.03,0.03,0.03,,,0.1,0.25,0.1,,,,0.3,,20
,breakout,,-76.5387,0.7092,93.4027,177,,,,,10.0,,,,,,,5,,,,,,,,,0.03,,,,,0.25,,,,,,,20,
,rsi_reversion,breakout+roc_momentum+rsi_reversion+sma_cross:OR,-77.4449,0.4544,95.9717,352,,10,80,80,10.0,10.0,10.0,10.0,10.0,30,30,3,3,3,3,3,14,5,,80,0.03,0.03,0.03,0.03,0.03,0.2,0.25,0.1,0.2,0.1,,0.3,,20
,rsi_reversion,,-78.6704,-3.9576,94.1178,52,,,80,,10.0,,,,,20,,3,,,,,14,,,,0.03,,,,,0.2,,,,,,,,
,breakout,,-79.1824,0.0797,99.7605,101,,,,,20.0,,,,,,,3,,,,,,,,,0.03,,,,,0.25,,,,,,,20,
,sma_cross,,-79.4106,0.4746,94.2676,172,5,,,,10.0,,,,,,,5,,,,,,,50,,0.03,,,,,0.1,,,,,,,,
,sma_cross,,-79.4867,-0.6183,86.2247,209,20,,,,10.0,,,,,,,5,,,,,,,30,,0.03,,,,,0.1,,,,,,,,
,rsi_reversion,,-80.3308,-2.0625,87.2071,87,,,80,,10.0,,,,,20,,5,,,,,14,,,,0.03,,,,,0.2,,,,,,,,
,rsi_reversion,,-80.6277,1.8477,88.0341,143,,,70,,10.0,,,,,30,,5,,,,,14,,,,0.03,,,,,0.1,,,,,,,,
,rsi_reversion,,-83.2065,2.1936,99.0709,42,,,80,,20.0,,,,,30,,3,,,,,14,,,,0.03,,,,,0.2,,,,,,,,
,rsi_reversion,breakout+rsi_reversion:VOTE_2_OF_3,-83.4772,-0.7768,94.9467,108,,,80,,10.0,10.0,,,,30,,3,3,,,,14,,,,0.03,0.03,,,,0.2,0.25,,,,,,,20
,sma_cross,,-84.3305,-2.6407,86.9637,129,10,,,,10.0,,,,,,,3,,,,,,,30,,0.03,,,,,0.1,,,,,,,,
,rsi_reversion,rsi_reversion+sma_cross:AND,-85.6496,0.0000,89.8577,15,,10,80,,10.0,,,,10.0,30,,3,,,,3,14,,,80,0.03,,,,0.03,0.2,,,,0.1,,,,
,sma_cross,,-85.7124,5.5373,97.1509,127,10,,,,10.0,,,,,,,5,,,,,,,80,,0.03,,,,,0.2,,,,,,,,
,roc_momentum,,-86.7418,0.7621,93.6774,632,,,,,10.0,,,,,,,5,,,,,5,,,,0.03,,,,,0.1,,,,,0.3,,,
,breakout,,-87.0186,-0.4833,97.0595,398,,,,,10.0,,,,,,,3,,,,,,,,,0.03,,,,,0.25,,,,,,,5,
,rsi_reversion,,-87.6181,1.5138,91.2476,54,,,80,,10.0,,,,,20,,3,,,,,14,,,,0.03,,,,,0.1,,,,,,,,
,rsi_reversion,roc_momentum+rsi_reversion+sma_cross:VOTE_2_OF_3,-88.4023,0.4125,88.9364,28,,10,80,,10.0,,10.0,,10.0,30,,3,,3,,3,14,5,,80,0.03,,0.03,,0.03,0.2,,0.1,,0.1,,0.3,,
,rsi_reversion,,-88.4824,-0.2924,96.7000,79,,,70,,10.0,,,,,30,,3,,,,,14,,,,0.03,,,,,0.1,,,,,,,,
,rsi_reversion,,-88.6470,0.3987,89.7900,46,,,80,,10.0,,,,,30,,3,,,,,14,,,,0.03,,,,,0.1,,,,,,,,
,sma_cross,,-89.9440,-0.2408,97.7725,140,5,,,,10.0,,,,,,,3,,,,,,,30,,0.03,,,,,0.1,,,,,,,,
,rsi_reversion,,-90.0771,-1.1557,91.3629,140,,,70,,10.0,,,,,30,,5,,,,,14,,,,0.03,,,,,0.2,,,,,,,,
,sma_cross,roc_momentum+sma_cross:AND,-90.2271,-1.7182,93.2936,43,10,,,,10.0,,10.0,,,,,3,,3,,,,5,80,,0.03,,0.03,,,0.1,,0.1,,,,0.3,,
,breakout,,-90.3637,0.7804,97.6103,412,,,,,10.0,,,,,,,3,,,,,,,,,0.03,,,,,0.1,,,,,,,5,
,sma_cross,,-90.3743,-1.3496,91.2023,212,10,,,,10.0,,,,,,,5,,,,,,,30,,0.03,,,,,0.1,,,,,,,,
,sma_cross,,-90.4631,-1.9394,93.7425,71,20,,,,10.0,,,,,,,3,,,,,,,80,,0.03,,,,,0.2,,,,,,,,
,sma_cross,,-90.6385,0.7953,94.1497,136,10,,,,10.0,,,,,,,5,,,,,,,50,,0.03,,,,,0.2,,,,,,,,
,sma_cross,,-90.6485,-0.0200,100.8621,153,5,,,,20.0,,,,,,,5,,,,,,,50,,0.03,,,,,0.1,,,,,,,,
,roc_momentum,,-90.9759,-0.0406,97.0375,358,,,,,10.0,,,,,,,3,,,,,5,,,,0.03,,,,,0.2,,,,,0.3,,,
,rsi_reversion,roc_momentum+rsi_reversion:VOTE_2_OF_3,-90.9759,-0.0406,97.0375,358,,,80,,10.0,,10.0,,,30,,3,,3,,,14,5,,,0.03,,0.03,,,0.2,,0.1,,,,0.3,,
,sma_cross,,-91.1991,-0.3667,98.3405,242,5,,,,10.0,,,,,,,5,,,,,,,30,,0.03,,,,,0.1,,,,,,,,
,roc_momentum,,-91.3564,-0.2275,95.8434,610,,,,,10.0,,,,,,,5,,,,,5,,,,0.03,,,,,0.2,,,,,0.3,,,
,breakout,,-91.6891,-0.0561,93.6167,686,,,,,10.0,,,,,,,5,,,,,,,,,0.03,,,,,0.1,,,,,,,5,
,rsi_reversion,,-92.3025,-2.1269,92.6412,74,,,80,,10.0,,,,,30,,5,,,,,14,,,,0.03,,,,,0.1,,,,,,,,
,rsi_reversion,,-92.4139,-0.6368,94.6729,162,,,70,,10.0,,,,,20,,5,,,,,14,,,,0.03,,,,,0.1,,,,,,,,
,rsi_reversion,,-92.6446,-0.9378,96.0550,153,,,70,,10.0,,,,,20,,5,,,,,14,,,,0.03,,,,,0.2,,,,,,,,
,sma_cross,,-92.6739,-1.5131,93.2400,74,20,,,,10.0,,,,,,,3,,,,,,,80,,0.03,,,,,0.1,,,,,,,,
,rsi_reversion,,-93.3374,0.0711,94.2971,85,,,80,,10.0,,,,,20,,5,,,,,14,,,,0.03,,,,,0.1,,,,,,,,
,breakout,,-93.3475,-1.6884,94.9303,129,,,,,10.0,,,,,,,3,,,,,,,,,0.03,,,,,0.1,,,,,,,20,
,sma_cross,breakout+sma_cross:VOTE_2_OF_3,-93.3475,-1.6884,94.9303,129,10,,,,10.0,10.0,,,,,,3,3,,,,,,80,,0.03,0.03,,,,0.1,0.25,,,,,,,20
,rsi_reversion,,-94.0606,-0.5124,96.7000,78,,,70,,10.0,,,,,30,,3,,,,,14,,,,0.03,,,,,0.2,,,,,,,,
,sma_cross,breakout+roc_momentum+sma_cross:OR,-94.4221,-0.2683,97.4328,354,10,,,,10.0,10.0,10.0,,,,,3,3,3,,,,5,80,,0.03,0.03,0.03,,,0.1,0.25,0.1,,,,0.3,,20
,sma_cross,,-94.4730,1.1960,96.5011,228,5,,,,10.0,,,,,,,5,,,,,,,30,,0.03,,,,,0.2,,,,,,,,
,sma_cross,,-94.7076,0.0472,95.2494,144,20,,,,10.0,,,,,,,5,,,,,,,50,,0.03,,,,,0.1,,,,,,,,
,sma_cross,,-95.2076,0.3696,95.8400,148,10,,,,10.0,,,,,,,5,,,,,,,50,,0.03,,,,,0.1,,,,,,,,
,sma_cross,,-95.4394,-0.2873,96.8444,213,10,,,,10.0,,,,,,,5,,,,,,,30,,0.03,,,,,0.2,,,,,,,,
,sma_cross,,-95.5856,1.8317,95.7197,120,20,,,,10.0,,,,,,,5,,,,,,,80,,0.03,,,,,0.1,,,,,,,,
,rsi_reversion,,-95.8023,0.4963,97.6171,208,,,70,,10.0,,,,,30,,3,,,,,7,,,,0.03,,,,,0.2,,,,,,,,
,rsi_reversion,,-96.1388,2.3024,98.8481,100,,,70,,10.0,,,,,20,,3,,,,,14,,,,0.03,,,,,0.2,,,,,,,,
,rsi_reversion,,-96.1803,1.6871,97.5348,255,,,80,,10.0,,,,,20,,5,,,,,7,,,,0.03,,,,,0.1,,,,,,,,
,rsi_reversion,,-96.1923,0.4737,97.7165,247,,,80,,10.0,,,,,20,,5,,,,,7,,,,0.03,,,,,0.2,,,,,,,,
,sma_cross,,-96.2246,-0.0186,97.1798,126,20,,,,10.0,,,,,,,5,,,,,,,50,,0.03,,,,,0.2,,,,,,,,
,sma_cross,,-96.3439,-0.8764,96.9238,115,20,,,,10.0,,,,,,,5,,,,,,,80,,0.03,,,,,0.2,,,,,,,,
,roc_momentum,,-96.7576,0.3839,99.1910,274,,,,,10.0,,,,,,,5,,,,,10,,,,0.03,,,,,0.1,,,,,1.0,,,
,rsi_reversion,,-96.9379,0.7195,98.2335,201,,,70,,10.0,,,,,30,,3,,,,,7,,,,0.03,,,,,0.1,,,,,,,,
,sma_cross,,-97.0340,-0.7708,97.7436,73,20,,,,10.0,,,,,,,3,,,,,,,50,,0.03,,,,,0.2,,,,,,,,
,sma_cross,,-97.2541,-0.9723,99.0918,114,5,,,,10.0,,,,,,,3,,,,,,,80,,0.03,,,,,0.2,,,,,,,,
,sma_cross,,-97.2833,-1.1991,97.5991,171,5,,,,10.0,,,,,,,5,,,,,,,50,,0.03,,,,,0.2,,,,,,,,
,roc_momentum,,-97.4174,1.7637,97.8268,222,,,,,10.0,,,,,,,3,,,,,3,,,,0.03,,,,,0.2,,,,,1.0,,,
,sma_cross,,-97.4407,1.5349,98.4811,128,20,,,,10.0,,,,,,,3,,,,,,,30,,0.03,,,,,0.1,,,,,,,,
,roc_momentum,,-97.5388,0.9701,98.0006,364,,,,,10.0,,,,,,,5,,,,,5,,,,0.03,,,,,0.1,,,,,1.0,,,
,roc_momentum,,-97.7399,-0.3057,98.7502,349,,,,,10.0,,,,,,,5,,,,,5,,,,0.03,,,,,0.2,,,,,1.0,,,
,roc_momentum,,-97.7560,0.1186,99.0450,825,,,,,10.0,,,,,,,5,,,,,3,,,,0.03,,,,,0.2,,,,,0.3,,,
,sma_cross,,-97.7942,-0.8300,98.6031,106,5,,,,10.0,,,,,,,3,,,,,,,50,,0.03,,,,,0.2,,,,,,,,
,rsi_reversion,,-97.9391,-0.1800,98.9949,139,,,80,,10.0,,,,,20,,3,,,,,7,,,,0.03,,,,,0.1,,,,,,,,
,rsi_reversion,,-98.0518,0.7020,99.0545,148,,,80,,10.0,,,,,20,,3,,,,,7,,,,0.03,,,,,0.2,,,,,,,,
,roc_momentum,,-98.1161,1.2012,98.4434,428,,,,,10.0,,,,,,,5,,,,,3,,,,0.03,,,,,0.2,,,,,1.0,,,
,sma_cross,roc_momentum+sma_cross:OR,-98.2424,-0.3201,98.9393,377,10,,,,10.0,,10.0,,,,,3,,3,,,,5,80,,0.03,,0.03,,,0.1,,0.1,,,,0.3,,
,sma_cross,,-98.4196,2.5661,98.9740,76,10,,,,10.0,,,,,,,3,,,,,,,80,,0.03,,,,,0.2,,,,,,,,
,roc_momentum,,-98.4335,-0.0236,99.1011,484,,,,,10.0,,,,,,,3,,,,,3,,,,0.03,,,,,0.2,,,,,0.3,,,
,roc_momentum,,-98.4542,-0.1313,98.9328,453,,,,,10.0,,,,,,,5,,,,,10,,,,0.03,,,,,0.1,,,,,0.3,,,
,roc_momentum,,-98.4682,-0.8022,99.4581,217,,,,,10.0,,,,,,,3,,,,,5,,,,0.03,,,,,0.2,,,,,1.0,,,
,sma_cross,,-98.5371,-0.9505,98.5863,188,5,,,,10.0,,,,,,,5,,,,,,,80,,0.03,,,,,0.1,,,,,,,,
,sma_cross,,-98.6630,-1.0908,99.6811,120,10,,,,20.0,,,,,,,3,,,,,,,30,,0.03,,,,,0.1,,,,,,,,
,sma_cross,,-98.7283,1.8345,99.9102,121,10,,,,20.0,,,,,,,5,,,,,,,80,,0.03,,,,,0.2,,,,,,,,
,rsi_reversion,,-98.7363,0.6990,99.0862,345,,,70,,10.0,,,,,20,,5,,,,,7,,,,0.03,,,,,0.1,,,,,,,,
,roc_momentum,,-98.7914,0.3938,99.3370,433,,,,,10.0,,,,,,,5,,,,,10,,,,0.03,,,,,0.2,,,,,0.3,,,
,breakout,,-98.8391,-0.2569,98.9989,331,,,,,10.0,,,,,,,5,,,,,,,,,0.03,,,,,0.25,,,,,,,10,
,sma_cross,breakout+sma_cross:OR,-98.8730,-1.2378,99.1109,125,10,,,,10.0,10.0,,,,,,3,3,,,,,,80,,0.03,0.03,,,,0.1,0.25,,,,,,,20
,sma_cross,,-98.8774,-0.8015,99.2190,203,10,,,,20.0,,,,,,,5,,,,,,,30,,0.03,,,,,0.1,,,,,,,,
,roc_momentum,,-98.8921,-0.9910,99.0334,852,,,,,10.0,,,,,,,5,,,,,3,,,,0.03,,,,,0.1,,,,,0.3,,,
,breakout,,-98.9527,1.2379,99.3793,196,,,,,10.0,,,,,,,3,,,,,,,,,0.03,,,,,0.25,,,,,,,10,
,sma_cross,,-98.9715,0.0850,99.0697,185,5,,,,10.0,,,,,,,5,,,,,,,80,,0.03,,,,,0.2,,,,,,,,
,roc_momentum,,-99.0609,-0.2664,99.2551,222,,,,,10.0,,,,,,,3,,,,,5,,,,0.03,,,,,0.1,,,,,1.0,,,
,sma_cross,,-99.0693,2.8391,99.6994,85,10,,,,10.0,,,,,,,3,,,,,,,50,,0.03,,,,,0.1,,,,,,,,
,roc_momentum,,-99.1042,0.7687,99.1301,440,,,,,10.0,,,,,,,5,,,,,3,,,,0.03,,,,,0.1,,,,,1.0,,,
,sma_cross,,-99.1127,0.8662,99.2731,93,20,,,,10.0,,,,,,,3,,,,,,,50,,0.03,,,,,0.1,,,,,,,,
,roc_momentum,,-99.2068,0.7062,99.2929,266,,,,,10.0,,,,,,,3,,,,,3,,,,0.03,,,,,0.1,,,,,1.0,,,
,rsi_reversion,,-99.2307,0.6819,99.3990,344,,,70,,10.0,,,,,20,,5,,,,,7,,,,0.03,,,,,0.2,,,,,,,,
,roc_momentum,,-99.2437,-1.2796,99.5021,242,,,,,10.0,,,,,,,3,,,,,10,,,,0.03,,,,,0.2,,,,,0.3,,,
,sma_cross,,-99.2705,-2.9803,99.9799,86,10,,,,20.0,,,,,,,3,,,,,,,80,,0.03,,,,,0.1,,,,,,,,
,roc_momentum,,-99.3460,-0.4273,99.9632,362,,,,,20.0,,,,,,,3,,,,,5,,,,0.03,,,,,0.1,,,,,0.3,,,
,roc_momentum,,-99.3707,0.1279,99.5467,260,,,,,10.0,,,,,,,3,,,,,10,,,,0.03,,,,,0.1,,,,,0.3,,,
,breakout,,-99.3816,0.0130,99.8503,653,,,,,20.0,,,,,,,5,,,,,,,,,0.03,,,,,0.25,,,,,,,5,
,rsi_reversion,,-99.4803,-0.5759,99.6287,338,,,70,,10.0,,,,,30,,5,,,,,7,,,,0.03,,,,,0.1,,,,,,,,
,sma_cross,,-99.5112,-0.6363,99.6882,187,20,,,,20.0,,,,,,,5,,,,,,,30,,0.03,,,,,0.2,,,,,,,,
,rsi_reversion,,-99.5478,-1.6350,99.6263,67,,,80,,20.0,,,,,30,,5,,,,,14,,,,0.03,,,,,0.2,,,,,,,,
,sma_cross,,-99.5771,-1.3120,99.6765,125,5,,,,10.0,,,,,,,3,,,,,,,80,,0.03,,,,,0.1,,,,,,,,
,rsi_reversion,,-99.5906,-0.8660,99.6426,70,,,80,,20.0,,,,,30,,5,,,,,14,,,,0.03,,,,,0.1,,,,,,,,
,rsi_reversion,,-99.5968,-1.9082,99.7739,204,,,70,,10.0,,,,,20,,3,,,,,7,,,,0.03,,,,,0.1,,,,,,,,
,rsi_reversion,,-99.6046,-0.1717,99.6745,331,,,70,,10.0,,,,,30,,5,,,,,7,,,,0.03,,,,,0.2,,,,,,,,
,rsi_reversion,breakout+rsi_reversion+sma_cross:OR,-99.6049,-1.4049,99.6465,140,,10,80,,10.0,10.0,,,10.0,30,,3,3,,,3,14,,,80,0.03,0.03,,,0.03,0.2,0.25,,,0.1,,,,20
,rsi_reversion,breakout+rsi_reversion:OR,-99.6111,-0.4521,100.0509,127,,,80,,10.0,10.0,,,,30,,3,3,,,,14,,,,0.03,0.03,,,,0.2,0.25,,,,,,,20
,sma_cross,,-99.6303,-0.2562,99.9297,139,10,,,,20.0,,,,,,,5,,,,,,,80,,0.03,,,,,0.1,,,,,,,,
,breakout,,-99.6512,0.3279,99.7047,360,,,,,10.0,,,,,,,5,,,,,,,,,0.03,,,,,0.1,,,,,,,10,
,sma_cross,,-99.6722,3.2661,100.0179,148,10,,,,20.0,,,,,,,5,,,,,,,50,,0.03,,,,,0.1,,,,,,,,
,roc_momentum,,-99.6732,0.2123,99.7600,506,,,,,10.0,,,,,,,3,,,,,3,,,,0.03,,,,,0.1,,,,,0.3,,,
,sma_cross,,-99.7092,0.7720,99.8312,137,5,,,,10.0,,,,,,,3,,,,,,,30,,0.03,,,,,0.2,,,,,,,,
,roc_momentum,,-99.7331,-0.0619,99.9570,618,,,,,20.0,,,,,,,5,,,,,5,,,,0.03,,,,,0.1,,,,,0.3,,,
,rsi_reversion,,-99.7916,-0.7194,99.8808,202,,,70,,10.0,,,,,20,,3,,,,,7,,,,0.03,,,,,0.2,,,,,,,,
,breakout,,-99.8172,0.3972,99.8248,219,,,,,10.0,,,,,,,5,,,,,,,,,0.03,,,,,0.1,,,,,,,20,
,rsi_reversion,,-99.8359,2.8127,99.8545,79,,,70,,20.0,,,,,30,,3,,,,,14,,,,0.03,,,,,0.1,,,,,,,,
,breakout,,-99.8638,1.1417,99.8880,209,,,,,10.0,,,,,,,3,,,,,,,,,0.03,,,,,0.1,,,,,,,10,
,breakout,,-99.8683,0.7677,99.9071,678,,,,,20.0,,,,,,,5,,,,,,,,,0.03,,,,,0.1,,,,,,,5,
,breakout,,-99.8818,-1.5651,99.9912,179,,,,,20.0,,,,,,,5,,,,,,,,,0.03,,,,,0.25,,,,,,,20,
,breakout,,-99.9209,-0.2654,99.9820,397,,,,,20.0,,,,,,,3,,,,,,,,,0.03,,,,,0.25,,,,,,,5,
,rsi_reversion,,-99.9336,4.5129,99.9404,80,,,70,,20.0,,,,,30,,3,,,,,14,,,,0.03,,,,,0.2,,,,,,,,
,rsi_reversion,,-99.9438,1.5934,99.9862,152,,,80,,20.0,,,,,20,,3,,,,,7,,,,0.03,,,,,0.1,,,,,,,,
,roc_momentum,,-99.9459,-0.6859,99.9934,264,,,,,20.0,,,,,,,5,,,,,10,,,,0.03,,,,,0.1,,,,,1.0,,,
,sma_cross,,-99.9621,-2.2251,99.9818,210,10,,,,20.0,,,,,,,5,,,,,,,30,,0.03,,,,,0.2,,,,,,,,
,roc_momentum,,-99.9678,0.3683,99.9896,823,,,,,20.0,,,,,,,5,,,,,3,,,,0.03,,,,,0.2,,,,,0.3,,,
,rsi_reversion,,-99.9727,1.7207,99.9728,142,,,70,,20.0,,,,,30,,5,,,,,14,,,,0.03,,,,,0.1,,,,,,,,
,rsi_reversion,,-99.9735,2.9528,99.9812,46,,,80,,20.0,,,,,30,,3,,,,,14,,,,0.03,,,,,0.1,,,,,,,,
,sma_cross,,-99.9765,-1.7197,99.9857,203,20,,,,20.0,,,,,,,5,,,,,,,30,,0.03,,,,,0.1,,,,,,,,
,sma_cross,,-99.9812,-0.6133,99.9819,188,5,,,,20.0,,,,,,,5,,,,,,,80,,0.03,,,,,0.1,,,,,,,,
,sma_cross,,-99.9837,-0.6656,100.0033,141,10,,,,20.0,,,,,,,5,,,,,,,50,,0.03,,,,,0.2,,,,,,,,
,breakout,,-99.9889,0.3392,100.2977,404,,,,,20.0,,,,,,,3,,,,,,,,,0.03,,,,,0.1,,,,,,,5,
,rsi_reversion,,-99.9900,-0.6968,99.9976,151,,,80,,20.0,,,,,20,,3,,,,,7,,,,0.03,,,,,0.2,,,,,,,,
,roc_momentum,,-99.9925,-0.8910,99.9991,343,,,,,20.0,,,,,,,3,,,,,5,,,,0.03,,,,,0.2,,,,,0.3,,,
,sma_cross,,-99.9926,-1.1574,100.0003,83,10,,,,20.0,,,,,,,3,,,,,,,50,,0.03,,,,,0.1,,,,,,,,
,breakout,,-99.9947,-1.0556,99.9964,128,,,,,20.0,,,,,,,3,,,,,,,,,0.03,,,,,0.1,,,,,,,20,
,roc_momentum,,-99.9948,1.0820,103.8349,475,,,,,20.0,,,,,,,3,,,,,3,,,,0.03,,,,,0.2,,,,,0.3,,,
,sma_cross,,-99.9951,-0.6465,99.9992,140,5,,,,20.0,,,,,,,3,,,,,,,30,,0.03,,,,,0.1,,,,,,,,
,sma_cross,,-99.9955,0.6071,99.9966,121,10,,,,20.0,,,,,,,3,,,,,,,30,,0.03,,,,,0.2,,,,,,,,
,rsi_reversion,,-99.9957,1.5568,101.7599,80,,,80,,20.0,,,,,20,,5,,,,,14,,,,0.03,,,,,0.1,,,,,,,,
,sma_cross,,-99.9959,-0.1296,99.9979,106,5,,,,20.0,,,,,,,3,,,,,,,50,,0.03,,,,,0.2,,,,,,,,
,breakout,,-99.9974,-0.7474,99.9988,196,,,,,20.0,,,,,,,3,,,,,,,,,0.03,,,,,0.25,,,,,,,10,
,sma_cross,,-99.9976,1.8991,99.9985,173,5,,,,20.0,,,,,,,5,,,,,,,50,,0.03,,,,,0.2,,,,,,,,
,rsi_reversion,,-99.9980,1.8222,99.9981,136,,,70,,20.0,,,,,30,,5,,,,,14,,,,0.03,,,,,0.2,,,,,,,,
,rsi_reversion,,-99.9987,-0.7778,99.9994,341,,,70,,20.0,,,,,20,,5,,,,,7,,,,0.03,,,,,0.1,,,,,,,,
,roc_momentum,,-99.9988,-0.5325,99.9996,614,,,,,20.0,,,,,,,5,,,,,5,,,,0.03,,,,,0.2,,,,,0.3,,,
,sma_cross,,-99.9992,1.5712,99.9992,122,20,,,,20.0,,,,,,,5,,,,,,,80,,0.03,,,,,0.1,,,,,,,,
,sma_cross,,-99.9993,0.3370,100.0005,72,10,,,,20.0,,,,,,,3,,,,,,,50,,0.03,,,,,0.2,,,,,,,,
,rsi_reversion,,-99.9995,-0.8911,99.9998,205,,,70,,20.0,,,,,30,,3,,,,,7,,,,0.03,,,,,0.2,,,,,,,,
,breakout,,-99.9996,-0.2928,99.9997,328,,,,,20.0,,,,,,,5,,,,,,,,,0.03,,,,,0.25,,,,,,,10,
,sma_cross,,-99.9999,-2.8979,99.9999,65,20,,,,20.0,,,,,,,3,,,,,,,80,,0.03,,,,,0.1,,,,,,,,
,roc_momentum,,-99.9999,-0.6365,99.9999,801,,,,,20.0,,,,,,,5,,,,,3,,,,0.03,,,,,0.1,,,,,0.3,,,
,breakout,,-100.0000,0.0788,100.0000,194,,,,,20.0,,,,,,,3,,,,,,,,,0.03,,,,,0.1,,,,,,,10,
,sma_cross,,-100.0000,-0.0622,100.0000,120,5,,,,20.0,,,,,,,3,,,,,,,80,,0.03,,,,,0.1,,,,,,,,
,rsi_reversion,,-100.0001,1.0922,100.0001,306,,,70,,20.0,,,,,20,,5,,,,,7,,,,0.03,,,,,0.2,,,,,,,,
,sma_cross,,-100.0007,0.9516,100.0006,148,5,,,,20.0,,,,,,,5,,,,,,,30,,0.03,,,,,0.1,,,,,,,,
,roc_momentum,,-100.0029,1.4438,100.0023,122,,,,,20.0,,,,,,,3,,,,,10,,,,0.03,,,,,0.1,,,,,1.0,,,
,sma_cross,,-100.0032,0.6512,100.0504,43,20,,,,20.0,,,,,,,5,,,,,,,80,,0.03,,,,,0.2,,,,,,,,
,sma_cross,,-100.0034,5.3057,100.0183,35,10,,,,20.0,,,,,,,3,,,,,,,80,,0.03,,,,,0.2,,,,,,,,
,sma_cross,,-100.0076,0.0000,100.0076,16,20,,,,20.0,,,,,,,3,,,,,,,80,,0.03,,,,,0.2,,,,,,,,
,roc_momentum,,-100.0367,0.2743,100.0430,59,,,,,20.0,,,,,,,3,,,,,3,,,,0.03,,,,,0.1,,,,,1.0,,,
,rsi_reversion,,-100.0729,-1.5492,100.0346,106,,,70,,20.0,,,,,30,,3,,,,,7,,,,0.03,,,,,0.1,,,,,,,,
,roc_momentum,,-100.0864,-1.4855,100.0864,68,,,,,20.0,,,,,,,3,,,,,3,,,,0.03,,,,,0.2,,,,,1.0,,,
,sma_cross,,-100.1134,-2.2558,101.2756,66,10,,,,10.0,,,,,,,3,,,,,,,50,,0.03,,,,,0.2,,,,,,,,
,rsi_reversion,,-100.1414,1.0092,100.1386,75,,,70,,20.0,,,,,30,,5,,,,,7,,,,0.03,,,,,0.1,,,,,,,,
,sma_cross,,-100.2658,-4.0988,100.3609,16,20,,,,20.0,,,,,,,3,,,,,,,50,,0.03,,,,,0.2,,,,,,,,
,breakout,,-100.3252,-1.6833,100.2546,70,,,,,20.0,,,,,,,5,,,,,,,,,0.03,,,,,0.1,,,,,,,10,
,roc_momentum,,-100.5593,0.4720,100.4711,86,,,,,20.0,,,,,,,5,,,,,5,,,,0.03,,,,,0.2,,,,,1.0,,,
,roc_momentum,,-100.7133,1.1117,100.5997,123,,,,,10.0,,,,,,,3,,,,,10,,,,0.03,,,,,0.1,,,,,1.0,,,
,sma_cross,,-100.7809,5.9908,100.3249,32,20,,,,20.0,,,,,,,3,,,,,,,30,,0.03,,,,,0.1,,,,,,,,
,roc_momentum,,-100.7972,-0.5972,100.8020,102,,,,,20.0,,,,,,,5,,,,,3,,,,0.03,,,,,0.2,,,,,1.0,,,
,sma_cross,,-101.0766,-2.3587,100.8396,33,5,,,,20.0,,,,,,,5,,,,,,,30,,0.03,,,,,0.2,,,,,,,,
,roc_momentum,,-101.2241,-0.1447,103.8349,117,,,,,20.0,,,,,,,3,,,,,3,,,,0.03,,,,,0.1,,,,,0.3,,,
,roc_momentum,,-101.2631,-2.7121,101.0054,44,,,,,20.0,,,,,,,3,,,,,10,,,,0.03,,,,,0.1,,,,,0.3,,,
,roc_momentum,,-101.2631,-2.7121,101.0054,44,,,,,20.0,,,,,,,3,,,,,10,,,,0.03,,,,,0.2,,,,,0.3,,,
,roc_momentum,,-101.3692,3.2689,101.3720,97,,,,,20.0,,,,,,,5,,,,,3,,,,0.03,,,,,0.1,,,,,1.0,,,
,sma_cross,,-101.3913,-3.6419,101.4060,20,20,,,,20.0,,,,,,,3,,,,,,,50,,0.03,,,,,0.1,,,,,,,,
,roc_momentum,,-102.1606,2.1483,101.7391,89,,,,,20.0,,,,,,,5,,,,,10,,,,0.03,,,,,0.2,,,,,0.3,,,
,roc_momentum,,-103.2099,0.0509,102.7039,82,,,,,20.0,,,,,,,5,,,,,5,,,,0.03,,,,,0.1,,,,,1.0,,,
,rsi_reversion,,-103.7382,-1.0725,103.0802,74,,,70,,20.0,,,,,30,,5,,,,,7,,,,0.03,,,,,0.2,,,,,,,,
,rsi_reversion,,-104.1908,0.0000,103.6869,23,,,70,,10.0,,,,,20,,3,,,,,14,,,,0.03,,,,,0.1,,,,,,,,
,rsi_reversion,,-104.3771,-0.6143,105.0409,47,,,80,,10.0,,,,,30,,5,,,,,7,,,,0.03,,,,,0.1,,,,,,,,
,rsi_reversion,,-104.3771,-0.6143,105.0409,47,,,80,,10.0,,,,,30,,5,,,,,7,,,,0.03,,,,,0.2,,,,,,,,
,sma_cross,,-105.0996,0.6636,101.8580,36,5,,,,20.0,,,,,,,3,,,,,,,80,,0.03,,,,,0.2,,,,,,,,
,roc_momentum,,-105.3033,0.2471,104.2686,90,,,,,20.0,,,,,,,5,,,,,10,,,,0.03,,,,,0.1,,,,,0.3,,,
,roc_momentum,,-105.7175,-0.9454,104.4474,47,,,,,20.0,,,,,,,3,,,,,5,,,,0.03,,,,,0.2,,,,,1.0,,,
,rsi_reversion,breakout+rsi_reversion:AND,-106.4985,0.0000,104.3454,17,,,80,,10.0,10.0,,,,30,,3,3,,,,14,,,,0.03,0.03,,,,0.2,0.25,,,,,,,20
,sma_cross,,-107.7434,4.8767,106.3974,23,5,,,,20.0,,,,,,,5,,,,,,,80,,0.03,,,,,0.2,,,,,,,,
,rsi_reversion,,-108.0472,4.8892,104.5505,23,,,70,,20.0,,,,,20,,3,,,,,14,,,,0.03,,,,,0.1,,,,,,,,
,rsi_reversion,,-109.2856,5.7832,105.1937,17,,,80,,20.0,,,,,20,,3,,,,,14,,,,0.03,,,,,0.1,,,,,,,,
,breakout,,-109.3031,2.0100,109.7599,47,,,,,20.0,,,,,,,5,,,,,,,,,0.03,,,,,0.1,,,,,,,20,
,rsi_reversion,,-110.2403,-1.9250,105.1618,54,,,80,,20.0,,,,,20,,5,,,,,7,,,,0.03,,,,,0.1,,,,,,,,
,rsi_reversion,,-110.2403,-1.9250,105.1618,54,,,80,,20.0,,,,,20,,5,,,,,7,,,,0.03,,,,,0.2,,,,,,,,
,rsi_reversion,,-110.5054,4.2218,106.1167,25,,,80,,20.0,,,,,20,,5,,,,,14,,,,0.03,,,,,0.2,,,,,,,,
,rsi_reversion,,-110.7569,-4.2419,108.6550,30,,,70,,20.0,,,,,20,,5,,,,,14,,,,0.03,,,,,0.1,,,,,,,,
,roc_momentum,,-111.0389,3.0551,108.5867,28,,,,,20.0,,,,,,,3,,,,,5,,,,0.03,,,,,0.1,,,,,1.0,,,
,rsi_reversion,,-112.0438,0.0352,107.0122,28,,,70,,20.0,,,,,20,,5,,,,,14,,,,0.03,,,,,0.2,,,,,,,,
,sma_cross,,-112.4304,3.8501,107.2721,18,5,,,,20.0,,,,,,,3,,,,,,,30,,0.03,,,,,0.2,,,,,,,,
,sma_cross,,-116.0293,-1.0004,103.8436,30,20,,,,20.0,,,,,,,3,,,,,,,30,,0.03,,,,,0.2,,,,,,,,
,rsi_reversion,,-117.6840,-1.8430,116.1184,47,,,80,,20.0,,,,,30,,5,,,,,7,,,,0.03,,,,,0.1,,,,,,,,
,rsi_reversion,,-117.6840,-1.8430,116.1184,47,,,80,,20.0,,,,,30,,5,,,,,7,,,,0.03,,,,,0.2,,,,,,,,
,rsi_reversion,,-123.6972,0.0598,108.2771,15,,,70,,20.0,,,,,20,,3,,,,,14,,,,0.03,,,,,0.2,,,,,,,,
,rsi_reversion,,-124.3004,4.4028,109.3845,14,,,80,,20.0,,,,,20,,3,,,,,14,,,,0.03,,,,,0.2,,,,,,,,
,rsi_reversion,,-124.5589,-2.1061,123.6410,27,,,80,,10.0,,,,,30,,3,,,,,7,,,,0.03,,,,,0.1,,,,,,,,
,rsi_reversion,,-124.5589,-2.1061,123.6410,27,,,80,,10.0,,,,,30,,3,,,,,7,,,,0.03,,,,,0.2,,,,,,,,
,rsi_reversion,,-128.2954,0.0000,122.8668,26,,,80,,20.0,,,,,30,,3,,,,,7,,,,0.03,,,,,0.1,,,,,,,,
,rsi_reversion,,-128.2954,0.0000,122.8668,26,,,80,,20.0,,,,,30,,3,,,,,7,,,,0.03,,,,,0.2,,,,,,,,
,roc_momentum,,-130.3062,-0.5220,119.1841,62,,,,,10.0,,,,,,,5,,,,,10,,,,0.03,,,,,0.2,,,,,1.0,,,
,rsi_reversion,,-149.6583,3.0854,118.5881,31,,,70,,20.0,,,,,20,,3,,,,,7,,,,0.03,,,,,0.1,,,,,,,,
,rsi_reversion,,-149.6583,3.0854,118.5881,31,,,70,,20.0,,,,,20,,3,,,,,7,,,,0.03,,,,,0.2,,,,,,,,
,sma_cross,,-156.7170,-1.7627,144.5206,31,20,,,,20.0,,,,,,,5,,,,,,,50,,0.03,,,,,0.1,,,,,,,,
,roc_momentum,,-159.3851,3.6893,132.0382,39,,,,,10.0,,,,,,,3,,,,,10,,,,0.03,,,,,0.2,,,,,1.0,,,
,sma_cross,,-159.8869,1.6107,162.6472,27,5,,,,10.0,,,,,,,3,,,,,,,50,,0.03,,,,,0.1,,,,,,,,
,roc_momentum,,-160.9520,-2.7313,128.4519,47,,,,,20.0,,,,,,,5,,,,,10,,,,0.03,,,,,0.2,,,,,1.0,,,
,sma_cross,,-166.5818,-2.3320,177.5522,27,5,,,,20.0,,,,,,,3,,,,,,,50,,0.03,,,,,0.1,,,,,,,,
,roc_momentum,,-436.5522,0.2254,194.7785,39,,,,,20.0,,,,,,,3,,,,,10,,,,0.03,,,,,0.2,,,,,1.0,,,
